id,round,page_name,time_spent,time_entered,time_done
0sMx,1,S1,126,2021-02-03T16:50:29Z,2021-02-03T16:52:35Z
0sMx,1,S2,56,2021-02-03T16:52:35Z,2021-02-03T16:53:31Z
0sMx,1,S3,56,2021-02-03T16:53:31Z,2021-02-03T16:54:27Z
0sMx,2,S2,29,2021-02-03T16:54:27Z,2021-02-03T16:54:56Z
0sMx,2,S3,9,2021-02-03T16:54:56Z,2021-02-03T16:55:05Z
0sMx,3,S2,28,2021-02-03T16:55:05Z,2021-02-03T16:55:33Z
0sMx,3,S3,8,2021-02-03T16:55:33Z,2021-02-03T16:55:41Z
0sMx,4,S2,11,2021-02-03T16:55:41Z,2021-02-03T16:55:52Z
0sMx,4,S3,4,2021-02-03T16:55:52Z,2021-02-03T16:55:56Z
0sMx,5,S2,9,2021-02-03T16:55:56Z,2021-02-03T16:56:05Z
0sMx,5,S3,6,2021-02-03T16:56:05Z,2021-02-03T16:56:11Z
0sMx,6,S2,9,2021-02-03T16:56:11Z,2021-02-03T16:56:20Z
0sMx,6,S3,1,2021-02-03T16:56:20Z,2021-02-03T16:56:21Z
0sMx,7,S2,8,2021-02-03T16:56:21Z,2021-02-03T16:56:29Z
0sMx,7,S3,13,2021-02-03T16:56:29Z,2021-02-03T16:56:42Z
0sMx,8,S2,8,2021-02-03T16:56:42Z,2021-02-03T16:56:50Z
0sMx,8,S3,2,2021-02-03T16:56:50Z,2021-02-03T16:56:52Z
0sMx,9,S2,7,2021-02-03T16:56:52Z,2021-02-03T16:56:59Z
0sMx,9,S3,1,2021-02-03T16:56:59Z,2021-02-03T16:57:00Z
0sMx,10,S2,8,2021-02-03T16:57:00Z,2021-02-03T16:57:08Z
0sMx,10,S3,2,2021-02-03T16:57:08Z,2021-02-03T16:57:10Z
0sMx,10,S4,75,2021-02-03T16:57:10Z,2021-02-03T16:58:25Z
1zlb,1,S1,5,2021-02-01T20:28:09Z,2021-02-01T20:28:14Z
22DD,1,S1,706,2021-02-01T14:50:38Z,2021-02-01T15:02:24Z
22DD,1,S2,204,2021-02-01T15:02:24Z,2021-02-01T15:05:48Z
22DD,1,S3,168,2021-02-01T15:05:48Z,2021-02-01T15:08:36Z
22DD,2,S2,147,2021-02-01T15:08:36Z,2021-02-01T15:11:03Z
22DD,2,S3,111,2021-02-01T15:11:03Z,2021-02-01T15:12:54Z
22DD,3,S2,19,2021-02-01T15:12:54Z,2021-02-01T15:13:13Z
22DD,3,S3,59,2021-02-01T15:13:13Z,2021-02-01T15:14:12Z
22DD,4,S2,69,2021-02-01T15:14:12Z,2021-02-01T15:15:21Z
22DD,4,S3,28,2021-02-01T15:15:21Z,2021-02-01T15:15:49Z
22DD,5,S2,22,2021-02-01T15:15:49Z,2021-02-01T15:16:11Z
22DD,5,S3,22,2021-02-01T15:16:11Z,2021-02-01T15:16:33Z
22DD,6,S2,14,2021-02-01T15:16:33Z,2021-02-01T15:16:47Z
22DD,6,S3,12,2021-02-01T15:16:47Z,2021-02-01T15:16:59Z
22DD,7,S2,17,2021-02-01T15:16:59Z,2021-02-01T15:17:16Z
22DD,7,S3,14,2021-02-01T15:17:16Z,2021-02-01T15:17:30Z
22DD,8,S2,5,2021-02-01T15:17:30Z,2021-02-01T15:17:35Z
22DD,8,S3,33,2021-02-01T15:17:35Z,2021-02-01T15:18:08Z
22DD,9,S2,4,2021-02-01T15:18:08Z,2021-02-01T15:18:12Z
22DD,9,S3,29,2021-02-01T15:18:12Z,2021-02-01T15:18:41Z
22DD,10,S2,6,2021-02-01T15:18:41Z,2021-02-01T15:18:47Z
22DD,10,S3,16,2021-02-01T15:18:47Z,2021-02-01T15:19:03Z
22DD,10,S4,81,2021-02-01T15:19:03Z,2021-02-01T15:20:24Z
25DU,1,S1,5,2021-02-01T14:09:06Z,2021-02-01T14:09:11Z
25DU,1,S2,13,2021-02-01T14:09:11Z,2021-02-01T14:09:24Z
25DU,1,S3,3,2021-02-01T14:09:24Z,2021-02-01T14:09:27Z
25DU,2,S2,7,2021-02-01T14:09:27Z,2021-02-01T14:09:34Z
25DU,2,S3,2,2021-02-01T14:09:34Z,2021-02-01T14:09:36Z
25DU,3,S2,9,2021-02-01T14:09:36Z,2021-02-01T14:09:45Z
25DU,3,S3,2,2021-02-01T14:09:45Z,2021-02-01T14:09:47Z
25DU,4,S2,9,2021-02-01T14:09:47Z,2021-02-01T14:09:56Z
25DU,4,S3,1,2021-02-01T14:09:56Z,2021-02-01T14:09:57Z
25DU,5,S2,5,2021-02-01T14:09:57Z,2021-02-01T14:10:02Z
25DU,5,S3,1,2021-02-01T14:10:02Z,2021-02-01T14:10:03Z
25DU,6,S2,5,2021-02-01T14:10:03Z,2021-02-01T14:10:08Z
25DU,6,S3,2,2021-02-01T14:10:08Z,2021-02-01T14:10:10Z
25DU,7,S2,4,2021-02-01T14:10:10Z,2021-02-01T14:10:14Z
25DU,7,S3,2,2021-02-01T14:10:14Z,2021-02-01T14:10:16Z
25DU,8,S2,7,2021-02-01T14:10:16Z,2021-02-01T14:10:23Z
25DU,8,S3,1,2021-02-01T14:10:23Z,2021-02-01T14:10:24Z
25DU,9,S2,12,2021-02-01T14:10:24Z,2021-02-01T14:10:36Z
25DU,9,S3,1,2021-02-01T14:10:36Z,2021-02-01T14:10:37Z
25DU,10,S2,5,2021-02-01T14:10:37Z,2021-02-01T14:10:42Z
25DU,10,S3,18,2021-02-01T14:10:42Z,2021-02-01T14:11:00Z
25DU,10,S4,24,2021-02-01T14:11:00Z,2021-02-01T14:11:24Z
3Qx1,1,S1,357,2021-02-03T19:41:22Z,2021-02-03T19:47:19Z
3Qx1,1,S2,33,2021-02-03T19:47:19Z,2021-02-03T19:47:52Z
3Qx1,1,S3,26,2021-02-03T19:47:52Z,2021-02-03T19:48:18Z
3Qx1,2,S2,28,2021-02-03T19:48:18Z,2021-02-03T19:48:46Z
3Qx1,2,S3,56,2021-02-03T19:48:46Z,2021-02-03T19:49:42Z
3Qx1,3,S2,14,2021-02-03T19:49:42Z,2021-02-03T19:49:56Z
3Qx1,3,S3,9,2021-02-03T19:49:56Z,2021-02-03T19:50:05Z
3Qx1,4,S2,19,2021-02-03T19:50:05Z,2021-02-03T19:50:24Z
3Qx1,4,S3,21,2021-02-03T19:50:24Z,2021-02-03T19:50:45Z
3Qx1,5,S2,10,2021-02-03T19:50:45Z,2021-02-03T19:50:55Z
3Qx1,5,S3,4,2021-02-03T19:50:55Z,2021-02-03T19:50:59Z
3Qx1,6,S2,19,2021-02-03T19:50:59Z,2021-02-03T19:51:18Z
3Qx1,6,S3,3,2021-02-03T19:51:18Z,2021-02-03T19:51:21Z
3Qx1,7,S2,12,2021-02-03T19:51:21Z,2021-02-03T19:51:33Z
3Qx1,7,S3,4,2021-02-03T19:51:33Z,2021-02-03T19:51:37Z
3Qx1,8,S2,12,2021-02-03T19:51:37Z,2021-02-03T19:51:49Z
3Qx1,8,S3,3,2021-02-03T19:51:49Z,2021-02-03T19:51:52Z
3Qx1,9,S2,17,2021-02-03T19:51:52Z,2021-02-03T19:52:09Z
3Qx1,9,S3,6,2021-02-03T19:52:09Z,2021-02-03T19:52:15Z
3Qx1,10,S2,9,2021-02-03T19:52:15Z,2021-02-03T19:52:24Z
3Qx1,10,S3,2,2021-02-03T19:52:24Z,2021-02-03T19:52:26Z
3Qx1,10,S4,725,2021-02-03T19:52:26Z,2021-02-03T20:04:31Z
5FNa,1,S1,147,2021-02-01T11:03:24Z,2021-02-01T11:05:51Z
5FNa,1,S2,32,2021-02-01T11:05:51Z,2021-02-01T11:06:23Z
5FNa,1,S3,25,2021-02-01T11:06:23Z,2021-02-01T11:06:48Z
5FNa,2,S2,24,2021-02-01T11:06:48Z,2021-02-01T11:07:12Z
5FNa,2,S3,18,2021-02-01T11:07:12Z,2021-02-01T11:07:30Z
5FNa,3,S2,8,2021-02-01T11:07:30Z,2021-02-01T11:07:38Z
5FNa,3,S3,8,2021-02-01T11:07:38Z,2021-02-01T11:07:46Z
5FNa,4,S2,17,2021-02-01T11:07:46Z,2021-02-01T11:08:03Z
5FNa,4,S3,8,2021-02-01T11:08:03Z,2021-02-01T11:08:11Z
5FNa,5,S2,23,2021-02-01T11:08:11Z,2021-02-01T11:08:34Z
5FNa,5,S3,3,2021-02-01T11:08:34Z,2021-02-01T11:08:37Z
5FNa,6,S2,17,2021-02-01T11:08:37Z,2021-02-01T11:08:54Z
5FNa,6,S3,2,2021-02-01T11:08:54Z,2021-02-01T11:08:56Z
5FNa,7,S2,6,2021-02-01T11:08:56Z,2021-02-01T11:09:02Z
5FNa,7,S3,2,2021-02-01T11:09:02Z,2021-02-01T11:09:04Z
5FNa,8,S2,4,2021-02-01T11:09:04Z,2021-02-01T11:09:08Z
5FNa,8,S3,2,2021-02-01T11:09:08Z,2021-02-01T11:09:10Z
5FNa,9,S2,8,2021-02-01T11:09:10Z,2021-02-01T11:09:18Z
5FNa,9,S3,6,2021-02-01T11:09:18Z,2021-02-01T11:09:24Z
5FNa,10,S2,4,2021-02-01T11:09:24Z,2021-02-01T11:09:28Z
5FNa,10,S3,3,2021-02-01T11:09:28Z,2021-02-01T11:09:31Z
5FNa,10,S4,66,2021-02-01T11:09:31Z,2021-02-01T11:10:37Z
5RjF,1,S1,1654,2021-02-02T19:55:38Z,2021-02-02T20:23:12Z
5RjF,1,S2,108,2021-02-02T20:23:12Z,2021-02-02T20:25:00Z
5RjF,1,S3,18,2021-02-02T20:25:00Z,2021-02-02T20:25:18Z
5RjF,2,S2,12,2021-02-02T20:25:18Z,2021-02-02T20:25:30Z
5RjF,2,S3,2,2021-02-02T20:25:30Z,2021-02-02T20:25:32Z
5RjF,3,S2,11,2021-02-02T20:25:32Z,2021-02-02T20:25:43Z
5RjF,3,S3,2,2021-02-02T20:25:43Z,2021-02-02T20:25:45Z
5RjF,4,S2,8,2021-02-02T20:25:45Z,2021-02-02T20:25:53Z
5RjF,4,S3,1,2021-02-02T20:25:53Z,2021-02-02T20:25:54Z
5RjF,5,S2,14,2021-02-02T20:25:54Z,2021-02-02T20:26:08Z
5RjF,5,S3,3,2021-02-02T20:26:08Z,2021-02-02T20:26:11Z
5RjF,6,S2,13,2021-02-02T20:26:11Z,2021-02-02T20:26:24Z
5RjF,6,S3,2,2021-02-02T20:26:24Z,2021-02-02T20:26:26Z
5RjF,7,S2,15,2021-02-02T20:26:26Z,2021-02-02T20:26:41Z
5RjF,7,S3,1,2021-02-02T20:26:41Z,2021-02-02T20:26:42Z
5RjF,8,S2,7,2021-02-02T20:26:42Z,2021-02-02T20:26:49Z
5RjF,8,S3,4,2021-02-02T20:26:49Z,2021-02-02T20:26:53Z
5RjF,9,S2,7,2021-02-02T20:26:53Z,2021-02-02T20:27:00Z
5RjF,9,S3,1,2021-02-02T20:27:00Z,2021-02-02T20:27:01Z
5RjF,10,S2,5,2021-02-02T20:27:01Z,2021-02-02T20:27:06Z
5RjF,10,S3,1,2021-02-02T20:27:06Z,2021-02-02T20:27:07Z
5RjF,10,S4,76,2021-02-02T20:27:07Z,2021-02-02T20:28:23Z
8TMC,1,S1,677,2021-02-01T11:45:42Z,2021-02-01T11:56:59Z
8TMC,1,S2,91,2021-02-01T11:56:59Z,2021-02-01T11:58:30Z
8TMC,1,S3,33,2021-02-01T11:58:30Z,2021-02-01T11:59:03Z
8TMC,2,S2,36,2021-02-01T11:59:03Z,2021-02-01T11:59:39Z
8TMC,2,S3,11,2021-02-01T11:59:39Z,2021-02-01T11:59:50Z
8TMC,3,S2,91,2021-02-01T11:59:50Z,2021-02-01T12:01:21Z
8TMC,3,S3,14,2021-02-01T12:01:21Z,2021-02-01T12:01:35Z
8TMC,4,S2,40,2021-02-01T12:01:35Z,2021-02-01T12:02:15Z
8TMC,4,S3,22,2021-02-01T12:02:15Z,2021-02-01T12:02:37Z
8TMC,5,S2,57,2021-02-01T12:02:37Z,2021-02-01T12:03:34Z
8TMC,5,S3,36,2021-02-01T12:03:34Z,2021-02-01T12:04:10Z
8TMC,6,S2,18,2021-02-01T12:04:10Z,2021-02-01T12:04:28Z
8TMC,6,S3,23,2021-02-01T12:04:28Z,2021-02-01T12:04:51Z
8TMC,7,S2,21,2021-02-01T12:04:51Z,2021-02-01T12:05:12Z
8TMC,7,S3,21,2021-02-01T12:05:12Z,2021-02-01T12:05:33Z
8TMC,8,S2,36,2021-02-01T12:05:33Z,2021-02-01T12:06:09Z
8TMC,8,S3,25,2021-02-01T12:06:09Z,2021-02-01T12:06:34Z
8TMC,9,S2,21,2021-02-01T12:06:34Z,2021-02-01T12:06:55Z
8TMC,9,S3,23,2021-02-01T12:06:55Z,2021-02-01T12:07:18Z
8TMC,10,S2,11,2021-02-01T12:07:18Z,2021-02-01T12:07:29Z
8TMC,10,S3,23,2021-02-01T12:07:29Z,2021-02-01T12:07:52Z
8TMC,10,S4,2670,2021-02-01T12:07:52Z,2021-02-01T12:52:22Z
9GKI,1,S1,358,2021-02-01T11:29:33Z,2021-02-01T11:35:31Z
9GKI,1,S2,43,2021-02-01T11:35:31Z,2021-02-01T11:36:14Z
9GKI,1,S3,103,2021-02-01T11:36:14Z,2021-02-01T11:37:57Z
9GKI,2,S2,26,2021-02-01T11:37:57Z,2021-02-01T11:38:23Z
9GKI,2,S3,69,2021-02-01T11:38:23Z,2021-02-01T11:39:32Z
9GKI,3,S2,36,2021-02-01T11:39:32Z,2021-02-01T11:40:08Z
9GKI,3,S3,18,2021-02-01T11:40:08Z,2021-02-01T11:40:26Z
9GKI,4,S2,17,2021-02-01T11:40:26Z,2021-02-01T11:40:43Z
9GKI,4,S3,10,2021-02-01T11:40:43Z,2021-02-01T11:40:53Z
9GKI,5,S2,11,2021-02-01T11:40:53Z,2021-02-01T11:41:04Z
9GKI,5,S3,6,2021-02-01T11:41:04Z,2021-02-01T11:41:10Z
9GKI,6,S2,13,2021-02-01T11:41:10Z,2021-02-01T11:41:23Z
9GKI,6,S3,4,2021-02-01T11:41:23Z,2021-02-01T11:41:27Z
9GKI,7,S2,16,2021-02-01T11:41:27Z,2021-02-01T11:41:43Z
9GKI,7,S3,4,2021-02-01T11:41:43Z,2021-02-01T11:41:47Z
9GKI,8,S2,10,2021-02-01T11:41:47Z,2021-02-01T11:41:57Z
9GKI,8,S3,3,2021-02-01T11:41:57Z,2021-02-01T11:42:00Z
9GKI,9,S2,16,2021-02-01T11:42:00Z,2021-02-01T11:42:16Z
9GKI,9,S3,4,2021-02-01T11:42:16Z,2021-02-01T11:42:20Z
9GKI,10,S2,20,2021-02-01T11:42:20Z,2021-02-01T11:42:40Z
9GKI,10,S3,4,2021-02-01T11:42:40Z,2021-02-01T11:42:44Z
9GKI,10,S4,438,2021-02-01T11:42:44Z,2021-02-01T11:50:02Z
9jrC,1,S1,248,2021-02-02T08:41:37Z,2021-02-02T08:45:45Z
9jrC,1,S2,29,2021-02-02T08:45:45Z,2021-02-02T08:46:14Z
9jrC,1,S3,28,2021-02-02T08:46:14Z,2021-02-02T08:46:42Z
9jrC,2,S2,130,2021-02-02T08:46:42Z,2021-02-02T08:48:52Z
9jrC,2,S3,14,2021-02-02T08:48:52Z,2021-02-02T08:49:06Z
9jrC,3,S2,18,2021-02-02T08:49:06Z,2021-02-02T08:49:24Z
9jrC,3,S3,4,2021-02-02T08:49:24Z,2021-02-02T08:49:28Z
9jrC,4,S2,12,2021-02-02T08:49:28Z,2021-02-02T08:49:40Z
9jrC,4,S3,4,2021-02-02T08:49:40Z,2021-02-02T08:49:44Z
9jrC,5,S2,33,2021-02-02T08:49:44Z,2021-02-02T08:50:17Z
9jrC,5,S3,17,2021-02-02T08:50:17Z,2021-02-02T08:50:34Z
9jrC,6,S2,10,2021-02-02T08:50:34Z,2021-02-02T08:50:44Z
9jrC,6,S3,3,2021-02-02T08:50:44Z,2021-02-02T08:50:47Z
9jrC,7,S2,9,2021-02-02T08:50:47Z,2021-02-02T08:50:56Z
9jrC,7,S3,7,2021-02-02T08:50:56Z,2021-02-02T08:51:03Z
9jrC,8,S2,11,2021-02-02T08:51:03Z,2021-02-02T08:51:14Z
9jrC,8,S3,2,2021-02-02T08:51:14Z,2021-02-02T08:51:16Z
9jrC,9,S2,8,2021-02-02T08:51:16Z,2021-02-02T08:51:24Z
9jrC,9,S3,6,2021-02-02T08:51:24Z,2021-02-02T08:51:30Z
9jrC,10,S2,8,2021-02-02T08:51:30Z,2021-02-02T08:51:38Z
9jrC,10,S3,2,2021-02-02T08:51:38Z,2021-02-02T08:51:40Z
9jrC,10,S4,108,2021-02-02T08:51:40Z,2021-02-02T08:53:28Z
9vEl,1,S1,249,2021-02-01T22:08:47Z,2021-02-01T22:12:56Z
9vEl,1,S2,33,2021-02-01T22:12:56Z,2021-02-01T22:13:29Z
9vEl,1,S3,17,2021-02-01T22:13:29Z,2021-02-01T22:13:46Z
9vEl,2,S2,39,2021-02-01T22:13:46Z,2021-02-01T22:14:25Z
9vEl,2,S3,13,2021-02-01T22:14:25Z,2021-02-01T22:14:38Z
9vEl,3,S2,12,2021-02-01T22:14:38Z,2021-02-01T22:14:50Z
9vEl,3,S3,4,2021-02-01T22:14:50Z,2021-02-01T22:14:54Z
9vEl,4,S2,18,2021-02-01T22:14:54Z,2021-02-01T22:15:12Z
9vEl,4,S3,1,2021-02-01T22:15:12Z,2021-02-01T22:15:13Z
9vEl,5,S2,13,2021-02-01T22:15:13Z,2021-02-01T22:15:26Z
9vEl,5,S3,4,2021-02-01T22:15:26Z,2021-02-01T22:15:30Z
9vEl,6,S2,8,2021-02-01T22:15:30Z,2021-02-01T22:15:38Z
9vEl,6,S3,2,2021-02-01T22:15:38Z,2021-02-01T22:15:40Z
9vEl,7,S2,13,2021-02-01T22:15:40Z,2021-02-01T22:15:53Z
9vEl,7,S3,2,2021-02-01T22:15:53Z,2021-02-01T22:15:55Z
9vEl,8,S2,9,2021-02-01T22:15:55Z,2021-02-01T22:16:04Z
9vEl,8,S3,2,2021-02-01T22:16:04Z,2021-02-01T22:16:06Z
9vEl,9,S2,7,2021-02-01T22:16:06Z,2021-02-01T22:16:13Z
9vEl,9,S3,2,2021-02-01T22:16:13Z,2021-02-01T22:16:15Z
9vEl,10,S2,7,2021-02-01T22:16:15Z,2021-02-01T22:16:22Z
9vEl,10,S3,3,2021-02-01T22:16:22Z,2021-02-01T22:16:25Z
9vEl,10,S4,227,2021-02-01T22:16:25Z,2021-02-01T22:20:12Z
bDfX,1,S1,492,2021-02-01T13:13:55Z,2021-02-01T13:22:07Z
bDfX,1,S2,196,2021-02-01T13:22:07Z,2021-02-01T13:25:23Z
bDfX,1,S3,109,2021-02-01T13:25:23Z,2021-02-01T13:27:12Z
bDfX,2,S2,182,2021-02-01T13:27:12Z,2021-02-01T13:30:14Z
bDfX,2,S3,25,2021-02-01T13:30:14Z,2021-02-01T13:30:39Z
bDfX,3,S2,125,2021-02-01T13:30:39Z,2021-02-01T13:32:44Z
bDfX,3,S3,109,2021-02-01T13:32:44Z,2021-02-01T13:34:33Z
bDfX,4,S2,196,2021-02-01T13:34:33Z,2021-02-01T13:37:49Z
bDfX,4,S3,7,2021-02-01T13:37:49Z,2021-02-01T13:37:56Z
bDfX,5,S2,34,2021-02-01T13:37:56Z,2021-02-01T13:38:30Z
bDfX,5,S3,7,2021-02-01T13:38:30Z,2021-02-01T13:38:37Z
bDfX,6,S2,170,2021-02-01T13:38:37Z,2021-02-01T13:41:27Z
bDfX,6,S3,13,2021-02-01T13:41:27Z,2021-02-01T13:41:40Z
bDfX,7,S2,110,2021-02-01T13:41:40Z,2021-02-01T13:43:30Z
bDfX,7,S3,12,2021-02-01T13:43:30Z,2021-02-01T13:43:42Z
bDfX,8,S2,20,2021-02-01T13:43:42Z,2021-02-01T13:44:02Z
bDfX,8,S3,3,2021-02-01T13:44:02Z,2021-02-01T13:44:05Z
bDfX,9,S2,58,2021-02-01T13:44:05Z,2021-02-01T13:45:03Z
bDfX,9,S3,4,2021-02-01T13:45:03Z,2021-02-01T13:45:07Z
bDfX,10,S2,56,2021-02-01T13:45:07Z,2021-02-01T13:46:03Z
bDfX,10,S3,11,2021-02-01T13:46:03Z,2021-02-01T13:46:14Z
bDfX,10,S4,115,2021-02-01T13:46:14Z,2021-02-01T13:48:09Z
DiOc,1,S1,179,2021-02-01T14:13:29Z,2021-02-01T14:16:28Z
DiOc,1,S2,86,2021-02-01T14:16:28Z,2021-02-01T14:17:54Z
DiOc,1,S3,119,2021-02-01T14:17:54Z,2021-02-01T14:19:53Z
DiOc,2,S2,39,2021-02-01T14:19:53Z,2021-02-01T14:20:32Z
DiOc,2,S3,23,2021-02-01T14:20:32Z,2021-02-01T14:20:55Z
DiOc,3,S2,251,2021-02-01T14:20:55Z,2021-02-01T14:25:06Z
DiOc,3,S3,26,2021-02-01T14:25:06Z,2021-02-01T14:25:32Z
DiOc,4,S2,48,2021-02-01T14:25:32Z,2021-02-01T14:26:20Z
DiOc,4,S3,4,2021-02-01T14:26:20Z,2021-02-01T14:26:24Z
DiOc,5,S2,7,2021-02-01T14:26:24Z,2021-02-01T14:26:31Z
DiOc,5,S3,15,2021-02-01T14:26:31Z,2021-02-01T14:26:46Z
DiOc,6,S2,14,2021-02-01T14:26:46Z,2021-02-01T14:27:00Z
DiOc,6,S3,4,2021-02-01T14:27:00Z,2021-02-01T14:27:04Z
DiOc,7,S2,21,2021-02-01T14:27:04Z,2021-02-01T14:27:25Z
DiOc,7,S3,2,2021-02-01T14:27:25Z,2021-02-01T14:27:27Z
DiOc,8,S2,18,2021-02-01T14:27:27Z,2021-02-01T14:27:45Z
DiOc,8,S3,2,2021-02-01T14:27:45Z,2021-02-01T14:27:47Z
DiOc,9,S2,5,2021-02-01T14:27:47Z,2021-02-01T14:27:52Z
DiOc,9,S3,2,2021-02-01T14:27:52Z,2021-02-01T14:27:54Z
DiOc,10,S2,10,2021-02-01T14:27:54Z,2021-02-01T14:28:04Z
DiOc,10,S3,4,2021-02-01T14:28:04Z,2021-02-01T14:28:08Z
DiOc,10,S4,442,2021-02-01T14:28:08Z,2021-02-01T14:35:30Z
dMJ3,1,S1,7,2021-02-01T20:22:01Z,2021-02-01T20:22:08Z
dMJ3,1,S2,25,2021-02-01T20:22:08Z,2021-02-01T20:22:33Z
dMJ3,1,S3,10,2021-02-01T20:22:33Z,2021-02-01T20:22:43Z
dMJ3,2,S2,23,2021-02-01T20:22:43Z,2021-02-01T20:23:06Z
dMJ3,2,S3,4,2021-02-01T20:23:06Z,2021-02-01T20:23:10Z
dMJ3,3,S2,15,2021-02-01T20:23:10Z,2021-02-01T20:23:25Z
dMJ3,3,S3,2,2021-02-01T20:23:25Z,2021-02-01T20:23:27Z
dMJ3,4,S2,22,2021-02-01T20:23:27Z,2021-02-01T20:23:49Z
dMJ3,4,S3,10,2021-02-01T20:23:49Z,2021-02-01T20:23:59Z
dMJ3,5,S2,13,2021-02-01T20:23:59Z,2021-02-01T20:24:12Z
dMJ3,5,S3,7,2021-02-01T20:24:12Z,2021-02-01T20:24:19Z
dMJ3,6,S2,20,2021-02-01T20:24:19Z,2021-02-01T20:24:39Z
dMJ3,6,S3,2,2021-02-01T20:24:39Z,2021-02-01T20:24:41Z
dMJ3,7,S2,28,2021-02-01T20:24:41Z,2021-02-01T20:25:09Z
dMJ3,7,S3,1,2021-02-01T20:25:09Z,2021-02-01T20:25:10Z
dMJ3,8,S2,11,2021-02-01T20:25:10Z,2021-02-01T20:25:21Z
dMJ3,8,S3,2,2021-02-01T20:25:21Z,2021-02-01T20:25:23Z
dMJ3,9,S2,20,2021-02-01T20:25:23Z,2021-02-01T20:25:43Z
dMJ3,9,S3,2,2021-02-01T20:25:43Z,2021-02-01T20:25:45Z
dMJ3,10,S2,50,2021-02-01T20:25:45Z,2021-02-01T20:26:35Z
dMJ3,10,S3,8,2021-02-01T20:26:35Z,2021-02-01T20:26:43Z
dMJ3,10,S4,32,2021-02-01T20:26:43Z,2021-02-01T20:27:15Z
Ej3r,1,S1,206,2021-02-03T15:12:49Z,2021-02-03T15:16:15Z
Ej3r,1,S2,69,2021-02-03T15:16:15Z,2021-02-03T15:17:24Z
Ej3r,1,S3,41,2021-02-03T15:17:24Z,2021-02-03T15:18:05Z
Ej3r,2,S2,55,2021-02-03T15:18:05Z,2021-02-03T15:19:00Z
Ej3r,2,S3,36,2021-02-03T15:19:00Z,2021-02-03T15:19:36Z
Ej3r,3,S2,37,2021-02-03T15:19:36Z,2021-02-03T15:20:13Z
Ej3r,3,S3,74,2021-02-03T15:20:13Z,2021-02-03T15:21:27Z
Ej3r,4,S2,29,2021-02-03T15:21:27Z,2021-02-03T15:21:56Z
Ej3r,4,S3,20,2021-02-03T15:21:56Z,2021-02-03T15:22:16Z
Ej3r,5,S2,87,2021-02-03T15:22:16Z,2021-02-03T15:23:43Z
Ej3r,5,S3,21,2021-02-03T15:23:43Z,2021-02-03T15:24:04Z
Ej3r,6,S2,30,2021-02-03T15:24:04Z,2021-02-03T15:24:34Z
Ej3r,6,S3,19,2021-02-03T15:24:34Z,2021-02-03T15:24:53Z
Ej3r,7,S2,31,2021-02-03T15:24:53Z,2021-02-03T15:25:24Z
Ej3r,7,S3,32,2021-02-03T15:25:24Z,2021-02-03T15:25:56Z
Ej3r,8,S2,25,2021-02-03T15:25:56Z,2021-02-03T15:26:21Z
Ej3r,8,S3,22,2021-02-03T15:26:21Z,2021-02-03T15:26:43Z
Ej3r,9,S2,43,2021-02-03T15:26:43Z,2021-02-03T15:27:26Z
Ej3r,9,S3,17,2021-02-03T15:27:26Z,2021-02-03T15:27:43Z
Ej3r,10,S2,26,2021-02-03T15:27:43Z,2021-02-03T15:28:09Z
Ej3r,10,S3,19,2021-02-03T15:28:09Z,2021-02-03T15:28:28Z
Ej3r,10,S4,152,2021-02-03T15:28:28Z,2021-02-03T15:31:00Z
eXrB,1,S1,213,2021-02-02T09:52:20Z,2021-02-02T09:55:53Z
eXrB,1,S2,25,2021-02-02T09:55:53Z,2021-02-02T09:56:18Z
eXrB,1,S3,14,2021-02-02T09:56:18Z,2021-02-02T09:56:32Z
eXrB,2,S2,17,2021-02-02T09:56:32Z,2021-02-02T09:56:49Z
eXrB,2,S3,10,2021-02-02T09:56:49Z,2021-02-02T09:56:59Z
eXrB,3,S2,16,2021-02-02T09:56:59Z,2021-02-02T09:57:15Z
eXrB,3,S3,4,2021-02-02T09:57:15Z,2021-02-02T09:57:19Z
eXrB,4,S2,15,2021-02-02T09:57:19Z,2021-02-02T09:57:34Z
eXrB,4,S3,2,2021-02-02T09:57:34Z,2021-02-02T09:57:36Z
eXrB,5,S2,38,2021-02-02T09:57:36Z,2021-02-02T09:58:14Z
eXrB,5,S3,3,2021-02-02T09:58:14Z,2021-02-02T09:58:17Z
eXrB,6,S2,2,2021-02-02T09:58:17Z,2021-02-02T09:58:19Z
eXrB,6,S3,2,2021-02-02T09:58:19Z,2021-02-02T09:58:21Z
eXrB,7,S2,2,2021-02-02T09:58:21Z,2021-02-02T09:58:23Z
eXrB,7,S3,1,2021-02-02T09:58:23Z,2021-02-02T09:58:24Z
eXrB,8,S2,2,2021-02-02T09:58:24Z,2021-02-02T09:58:26Z
eXrB,8,S3,2,2021-02-02T09:58:26Z,2021-02-02T09:58:28Z
eXrB,9,S2,2,2021-02-02T09:58:28Z,2021-02-02T09:58:30Z
eXrB,9,S3,1,2021-02-02T09:58:30Z,2021-02-02T09:58:31Z
eXrB,10,S2,2,2021-02-02T09:58:31Z,2021-02-02T09:58:33Z
eXrB,10,S3,2,2021-02-02T09:58:33Z,2021-02-02T09:58:35Z
eXrB,10,S4,70,2021-02-02T09:58:35Z,2021-02-02T09:59:45Z
H7Ka,1,S1,4,2021-02-01T21:06:59Z,2021-02-01T21:07:03Z
H7Ka,1,S2,337,2021-02-01T21:07:03Z,2021-02-01T21:12:40Z
H7Ka,1,S3,23,2021-02-01T21:12:40Z,2021-02-01T21:13:03Z
H7Ka,2,S2,86,2021-02-01T21:13:03Z,2021-02-01T21:14:29Z
H7Ka,2,S3,5,2021-02-01T21:14:29Z,2021-02-01T21:14:34Z
H7Ka,3,S2,19,2021-02-01T21:14:34Z,2021-02-01T21:14:53Z
H7Ka,3,S3,4,2021-02-01T21:14:53Z,2021-02-01T21:14:57Z
H7Ka,4,S2,24,2021-02-01T21:14:57Z,2021-02-01T21:15:21Z
H7Ka,4,S3,4,2021-02-01T21:15:21Z,2021-02-01T21:15:25Z
H7Ka,5,S2,8,2021-02-01T21:15:25Z,2021-02-01T21:15:33Z
H7Ka,5,S3,2,2021-02-01T21:15:33Z,2021-02-01T21:15:35Z
H7Ka,6,S2,15,2021-02-01T21:15:35Z,2021-02-01T21:15:50Z
H7Ka,6,S3,2,2021-02-01T21:15:50Z,2021-02-01T21:15:52Z
H7Ka,7,S2,22,2021-02-01T21:15:52Z,2021-02-01T21:16:14Z
H7Ka,7,S3,2,2021-02-01T21:16:14Z,2021-02-01T21:16:16Z
H7Ka,8,S2,11,2021-02-01T21:16:16Z,2021-02-01T21:16:27Z
H7Ka,8,S3,2,2021-02-01T21:16:27Z,2021-02-01T21:16:29Z
H7Ka,9,S2,5,2021-02-01T21:16:29Z,2021-02-01T21:16:34Z
H7Ka,9,S3,2,2021-02-01T21:16:34Z,2021-02-01T21:16:36Z
H7Ka,10,S2,26,2021-02-01T21:16:36Z,2021-02-01T21:17:02Z
H7Ka,10,S3,2,2021-02-01T21:17:02Z,2021-02-01T21:17:04Z
H7Ka,10,S4,68,2021-02-01T21:17:04Z,2021-02-01T21:18:12Z
HrtA,1,S1,3,2021-02-01T20:29:44Z,2021-02-01T20:29:47Z
HrtA,1,S2,6,2021-02-01T20:29:47Z,2021-02-01T20:29:53Z
HrtA,1,S3,1,2021-02-01T20:29:53Z,2021-02-01T20:29:54Z
HrtA,2,S2,5,2021-02-01T20:29:54Z,2021-02-01T20:29:59Z
HrtA,2,S3,2,2021-02-01T20:29:59Z,2021-02-01T20:30:01Z
HrtA,3,S2,4,2021-02-01T20:30:01Z,2021-02-01T20:30:05Z
HrtA,3,S3,1,2021-02-01T20:30:05Z,2021-02-01T20:30:06Z
HrtA,4,S2,8,2021-02-01T20:30:06Z,2021-02-01T20:30:14Z
HrtA,4,S3,1,2021-02-01T20:30:14Z,2021-02-01T20:30:15Z
HrtA,5,S2,6,2021-02-01T20:30:15Z,2021-02-01T20:30:21Z
HrtA,5,S3,1,2021-02-01T20:30:21Z,2021-02-01T20:30:22Z
HrtA,6,S2,4,2021-02-01T20:30:22Z,2021-02-01T20:30:26Z
HrtA,6,S3,1,2021-02-01T20:30:26Z,2021-02-01T20:30:27Z
HrtA,7,S2,8,2021-02-01T20:30:27Z,2021-02-01T20:30:35Z
HrtA,7,S3,2,2021-02-01T20:30:35Z,2021-02-01T20:30:37Z
HrtA,8,S2,5,2021-02-01T20:30:37Z,2021-02-01T20:30:42Z
HrtA,8,S3,1,2021-02-01T20:30:42Z,2021-02-01T20:30:43Z
HrtA,9,S2,5,2021-02-01T20:30:43Z,2021-02-01T20:30:48Z
HrtA,9,S3,2,2021-02-01T20:30:48Z,2021-02-01T20:30:50Z
jM6g,1,S1,172,2021-02-03T10:26:44Z,2021-02-03T10:29:36Z
jM6g,1,S2,37,2021-02-03T10:29:36Z,2021-02-03T10:30:13Z
jM6g,1,S3,19,2021-02-03T10:30:13Z,2021-02-03T10:30:32Z
jM6g,2,S2,20,2021-02-03T10:30:32Z,2021-02-03T10:30:52Z
jM6g,2,S3,23,2021-02-03T10:30:52Z,2021-02-03T10:31:15Z
jM6g,3,S2,28,2021-02-03T10:31:15Z,2021-02-03T10:31:43Z
jM6g,3,S3,14,2021-02-03T10:31:43Z,2021-02-03T10:31:57Z
jM6g,4,S2,18,2021-02-03T10:31:57Z,2021-02-03T10:32:15Z
jM6g,4,S3,5,2021-02-03T10:32:15Z,2021-02-03T10:32:20Z
jM6g,5,S2,28,2021-02-03T10:32:20Z,2021-02-03T10:32:48Z
jM6g,5,S3,3,2021-02-03T10:32:48Z,2021-02-03T10:32:51Z
jM6g,6,S2,9,2021-02-03T10:32:51Z,2021-02-03T10:33:00Z
jM6g,6,S3,4,2021-02-03T10:33:00Z,2021-02-03T10:33:04Z
jM6g,7,S2,12,2021-02-03T10:33:04Z,2021-02-03T10:33:16Z
jM6g,7,S3,5,2021-02-03T10:33:16Z,2021-02-03T10:33:21Z
jM6g,8,S2,15,2021-02-03T10:33:21Z,2021-02-03T10:33:36Z
jM6g,8,S3,2,2021-02-03T10:33:36Z,2021-02-03T10:33:38Z
jM6g,9,S2,23,2021-02-03T10:33:38Z,2021-02-03T10:34:01Z
jM6g,9,S3,4,2021-02-03T10:34:01Z,2021-02-03T10:34:05Z
jM6g,10,S2,9,2021-02-03T10:34:05Z,2021-02-03T10:34:14Z
jM6g,10,S3,3,2021-02-03T10:34:14Z,2021-02-03T10:34:17Z
jM6g,10,S4,241,2021-02-03T10:34:17Z,2021-02-03T10:38:18Z
kkHq,1,S1,2084,2021-02-03T08:33:17Z,2021-02-03T09:08:01Z
kkHq,1,S2,19,2021-02-03T09:08:01Z,2021-02-03T09:08:20Z
kkHq,1,S3,8,2021-02-03T09:08:20Z,2021-02-03T09:08:28Z
kkHq,2,S2,92,2021-02-03T09:08:28Z,2021-02-03T09:10:00Z
LvgJ,1,S1,34952,2021-02-03T11:59:09Z,2021-02-03T21:41:41Z
LvgJ,1,S2,58,2021-02-03T21:41:41Z,2021-02-03T21:42:39Z
LvgJ,1,S3,39,2021-02-03T21:42:39Z,2021-02-03T21:43:18Z
LvgJ,2,S2,15,2021-02-03T21:43:18Z,2021-02-03T21:43:33Z
LvgJ,2,S3,34,2021-02-03T21:43:33Z,2021-02-03T21:44:07Z
LvgJ,3,S2,17,2021-02-03T21:44:07Z,2021-02-03T21:44:24Z
LvgJ,3,S3,15,2021-02-03T21:44:24Z,2021-02-03T21:44:39Z
LvgJ,4,S2,29,2021-02-03T21:44:39Z,2021-02-03T21:45:08Z
LvgJ,4,S3,13,2021-02-03T21:45:08Z,2021-02-03T21:45:21Z
LvgJ,5,S2,18,2021-02-03T21:45:21Z,2021-02-03T21:45:39Z
LvgJ,5,S3,1,2021-02-03T21:45:39Z,2021-02-03T21:45:40Z
LvgJ,6,S2,4,2021-02-03T21:45:40Z,2021-02-03T21:45:44Z
LvgJ,6,S3,3,2021-02-03T21:45:44Z,2021-02-03T21:45:47Z
LvgJ,7,S2,6,2021-02-03T21:45:47Z,2021-02-03T21:45:53Z
LvgJ,7,S3,24,2021-02-03T21:45:53Z,2021-02-03T21:46:17Z
LvgJ,8,S2,6,2021-02-03T21:46:17Z,2021-02-03T21:46:23Z
LvgJ,8,S3,2,2021-02-03T21:46:23Z,2021-02-03T21:46:25Z
LvgJ,9,S2,5,2021-02-03T21:46:25Z,2021-02-03T21:46:30Z
LvgJ,9,S3,3,2021-02-03T21:46:30Z,2021-02-03T21:46:33Z
LvgJ,10,S2,5,2021-02-03T21:46:33Z,2021-02-03T21:46:38Z
LvgJ,10,S3,3,2021-02-03T21:46:38Z,2021-02-03T21:46:41Z
LvgJ,10,S4,119,2021-02-03T21:46:41Z,2021-02-03T21:48:40Z
lWcV,1,S1,14,2021-02-03T13:31:32Z,2021-02-03T13:31:46Z
lWcV,1,S2,14,2021-02-03T13:31:46Z,2021-02-03T13:32:00Z
mAIr,1,S1,187,2021-02-03T09:11:52Z,2021-02-03T09:14:59Z
mAIr,1,S2,14,2021-02-03T09:14:59Z,2021-02-03T09:15:13Z
mAIr,1,S3,4,2021-02-03T09:15:13Z,2021-02-03T09:15:17Z
mAIr,2,S2,4,2021-02-03T09:15:17Z,2021-02-03T09:15:21Z
mAIr,2,S3,5,2021-02-03T09:15:21Z,2021-02-03T09:15:26Z
mAIr,3,S2,39,2021-02-03T09:15:26Z,2021-02-03T09:16:05Z
mAIr,3,S3,3,2021-02-03T09:16:05Z,2021-02-03T09:16:08Z
mAIr,4,S2,4,2021-02-03T09:16:08Z,2021-02-03T09:16:12Z
mAIr,4,S3,2,2021-02-03T09:16:12Z,2021-02-03T09:16:14Z
mAIr,5,S2,4,2021-02-03T09:16:14Z,2021-02-03T09:16:18Z
mAIr,5,S3,2,2021-02-03T09:16:18Z,2021-02-03T09:16:20Z
mAIr,6,S2,4,2021-02-03T09:16:20Z,2021-02-03T09:16:24Z
mAIr,6,S3,3,2021-02-03T09:16:24Z,2021-02-03T09:16:27Z
mAIr,7,S2,3,2021-02-03T09:16:27Z,2021-02-03T09:16:30Z
mAIr,7,S3,1,2021-02-03T09:16:30Z,2021-02-03T09:16:31Z
mAIr,8,S2,4,2021-02-03T09:16:31Z,2021-02-03T09:16:35Z
mAIr,8,S3,2,2021-02-03T09:16:35Z,2021-02-03T09:16:37Z
mAIr,9,S2,3,2021-02-03T09:16:37Z,2021-02-03T09:16:40Z
mAIr,9,S3,2,2021-02-03T09:16:40Z,2021-02-03T09:16:42Z
mAIr,10,S2,4,2021-02-03T09:16:42Z,2021-02-03T09:16:46Z
mAIr,10,S3,1,2021-02-03T09:16:46Z,2021-02-03T09:16:47Z
PljN,1,S1,82,2021-02-01T13:00:53Z,2021-02-01T13:02:15Z
PljN,1,S2,20,2021-02-01T13:02:15Z,2021-02-01T13:02:35Z
PljN,1,S3,7,2021-02-01T13:02:35Z,2021-02-01T13:02:42Z
PljN,2,S2,11,2021-02-01T13:02:42Z,2021-02-01T13:02:53Z
PljN,2,S3,8,2021-02-01T13:02:53Z,2021-02-01T13:03:01Z
PljN,3,S2,11,2021-02-01T13:03:01Z,2021-02-01T13:03:12Z
PljN,3,S3,8,2021-02-01T13:03:12Z,2021-02-01T13:03:20Z
PljN,4,S2,15,2021-02-01T13:03:20Z,2021-02-01T13:03:35Z
PljN,4,S3,2,2021-02-01T13:03:35Z,2021-02-01T13:03:37Z
PljN,5,S2,18,2021-02-01T13:03:37Z,2021-02-01T13:03:55Z
PljN,5,S3,3,2021-02-01T13:03:55Z,2021-02-01T13:03:58Z
PljN,6,S2,9,2021-02-01T13:03:58Z,2021-02-01T13:04:07Z
PljN,6,S3,3,2021-02-01T13:04:07Z,2021-02-01T13:04:10Z
PljN,7,S2,8,2021-02-01T13:04:10Z,2021-02-01T13:04:18Z
PljN,7,S3,1,2021-02-01T13:04:18Z,2021-02-01T13:04:19Z
PljN,8,S2,9,2021-02-01T13:04:19Z,2021-02-01T13:04:28Z
PljN,8,S3,2,2021-02-01T13:04:28Z,2021-02-01T13:04:30Z
PljN,9,S2,6,2021-02-01T13:04:30Z,2021-02-01T13:04:36Z
PljN,9,S3,2,2021-02-01T13:04:36Z,2021-02-01T13:04:38Z
PljN,10,S2,6,2021-02-01T13:04:38Z,2021-02-01T13:04:44Z
PljN,10,S3,3,2021-02-01T13:04:44Z,2021-02-01T13:04:47Z
PljN,10,S4,166,2021-02-01T13:04:47Z,2021-02-01T13:07:33Z
qCdw,1,S1,271,2021-02-01T17:20:40Z,2021-02-01T17:25:11Z
qCdw,1,S2,97,2021-02-01T17:25:11Z,2021-02-01T17:26:48Z
qCdw,1,S3,75,2021-02-01T17:26:48Z,2021-02-01T17:28:03Z
qCdw,2,S2,31,2021-02-01T17:28:03Z,2021-02-01T17:28:34Z
qCdw,2,S3,20,2021-02-01T17:28:34Z,2021-02-01T17:28:54Z
qCdw,3,S2,53,2021-02-01T17:28:54Z,2021-02-01T17:29:47Z
qCdw,3,S3,22,2021-02-01T17:29:47Z,2021-02-01T17:30:09Z
qCdw,4,S2,36,2021-02-01T17:30:09Z,2021-02-01T17:30:45Z
qCdw,4,S3,34,2021-02-01T17:30:45Z,2021-02-01T17:31:19Z
qCdw,5,S2,15,2021-02-01T17:31:19Z,2021-02-01T17:31:34Z
qCdw,5,S3,12,2021-02-01T17:31:34Z,2021-02-01T17:31:46Z
qCdw,6,S2,33,2021-02-01T17:31:46Z,2021-02-01T17:32:19Z
qCdw,6,S3,7,2021-02-01T17:32:19Z,2021-02-01T17:32:26Z
qCdw,7,S2,25,2021-02-01T17:32:26Z,2021-02-01T17:32:51Z
qCdw,7,S3,13,2021-02-01T17:32:51Z,2021-02-01T17:33:04Z
qCdw,8,S2,17,2021-02-01T17:33:04Z,2021-02-01T17:33:21Z
qCdw,8,S3,8,2021-02-01T17:33:21Z,2021-02-01T17:33:29Z
qCdw,9,S2,9,2021-02-01T17:33:29Z,2021-02-01T17:33:38Z
qCdw,9,S3,5,2021-02-01T17:33:38Z,2021-02-01T17:33:43Z
qCdw,10,S2,22,2021-02-01T17:33:43Z,2021-02-01T17:34:05Z
qCdw,10,S3,8,2021-02-01T17:34:05Z,2021-02-01T17:34:13Z
qCdw,10,S4,107,2021-02-01T17:34:13Z,2021-02-01T17:36:00Z
RTQt,1,S1,920,2021-02-03T09:51:40Z,2021-02-03T10:07:00Z
RTQt,1,S2,23,2021-02-03T10:07:00Z,2021-02-03T10:07:23Z
RTQt,1,S3,21,2021-02-03T10:07:23Z,2021-02-03T10:07:44Z
RTQt,2,S2,58,2021-02-03T10:07:44Z,2021-02-03T10:08:42Z
RTQt,2,S3,32,2021-02-03T10:08:42Z,2021-02-03T10:09:14Z
RTQt,3,S2,21,2021-02-03T10:09:14Z,2021-02-03T10:09:35Z
RTQt,3,S3,5,2021-02-03T10:09:35Z,2021-02-03T10:09:40Z
RTQt,4,S2,13,2021-02-03T10:09:40Z,2021-02-03T10:09:53Z
RTQt,4,S3,4,2021-02-03T10:09:53Z,2021-02-03T10:09:57Z
RTQt,5,S2,14,2021-02-03T10:09:57Z,2021-02-03T10:10:11Z
RTQt,5,S3,12,2021-02-03T10:10:11Z,2021-02-03T10:10:23Z
RTQt,6,S2,16,2021-02-03T10:10:23Z,2021-02-03T10:10:39Z
RTQt,6,S3,10,2021-02-03T10:10:39Z,2021-02-03T10:10:49Z
RTQt,7,S2,8,2021-02-03T10:10:49Z,2021-02-03T10:10:57Z
RTQt,7,S3,7,2021-02-03T10:10:57Z,2021-02-03T10:11:04Z
RTQt,8,S2,6,2021-02-03T10:11:04Z,2021-02-03T10:11:10Z
RTQt,8,S3,5,2021-02-03T10:11:10Z,2021-02-03T10:11:15Z
RTQt,9,S2,6,2021-02-03T10:11:15Z,2021-02-03T10:11:21Z
RTQt,9,S3,4,2021-02-03T10:11:21Z,2021-02-03T10:11:25Z
RTQt,10,S2,11,2021-02-03T10:11:25Z,2021-02-03T10:11:36Z
RTQt,10,S3,3,2021-02-03T10:11:36Z,2021-02-03T10:11:39Z
RTQt,10,S4,164,2021-02-03T10:11:39Z,2021-02-03T10:14:23Z
Rx8A,1,S1,37611,2021-02-01T07:47:37Z,2021-02-01T18:14:28Z
Rx8A,1,S2,439,2021-02-01T18:14:28Z,2021-02-01T18:21:47Z
Rx8A,1,S3,18,2021-02-01T18:21:47Z,2021-02-01T18:22:05Z
Rx8A,2,S2,95,2021-02-01T18:22:05Z,2021-02-01T18:23:40Z
Rx8A,2,S3,7,2021-02-01T18:23:40Z,2021-02-01T18:23:47Z
Rx8A,3,S2,20,2021-02-01T18:23:47Z,2021-02-01T18:24:07Z
Rx8A,3,S3,58,2021-02-01T18:24:07Z,2021-02-01T18:25:05Z
Rx8A,4,S2,24,2021-02-01T18:25:05Z,2021-02-01T18:25:29Z
Rx8A,4,S3,3,2021-02-01T18:25:29Z,2021-02-01T18:25:32Z
Rx8A,5,S2,82,2021-02-01T18:25:32Z,2021-02-01T18:26:54Z
Rx8A,5,S3,2,2021-02-01T18:26:54Z,2021-02-01T18:26:56Z
Rx8A,6,S2,13,2021-02-01T18:26:56Z,2021-02-01T18:27:09Z
Rx8A,6,S3,3,2021-02-01T18:27:09Z,2021-02-01T18:27:12Z
Rx8A,7,S2,51,2021-02-01T18:27:12Z,2021-02-01T18:28:03Z
Rx8A,7,S3,2,2021-02-01T18:28:03Z,2021-02-01T18:28:05Z
Rx8A,8,S2,58,2021-02-01T18:28:05Z,2021-02-01T18:29:03Z
Rx8A,8,S3,2,2021-02-01T18:29:03Z,2021-02-01T18:29:05Z
Rx8A,9,S2,17,2021-02-01T18:29:05Z,2021-02-01T18:29:22Z
Rx8A,9,S3,3,2021-02-01T18:29:22Z,2021-02-01T18:29:25Z
Rx8A,10,S2,43,2021-02-01T18:29:25Z,2021-02-01T18:30:08Z
Rx8A,10,S3,7,2021-02-01T18:30:08Z,2021-02-01T18:30:15Z
Rx8A,10,S4,108,2021-02-01T18:30:15Z,2021-02-01T18:32:03Z
s4UE,1,S1,161,2021-02-01T11:55:32Z,2021-02-01T11:58:13Z
s4UE,1,S2,30,2021-02-01T11:58:13Z,2021-02-01T11:58:43Z
s4UE,1,S3,7,2021-02-01T11:58:43Z,2021-02-01T11:58:50Z
s4UE,2,S2,20,2021-02-01T11:58:50Z,2021-02-01T11:59:10Z
s4UE,2,S3,5,2021-02-01T11:59:10Z,2021-02-01T11:59:15Z
s4UE,3,S2,11,2021-02-01T11:59:15Z,2021-02-01T11:59:26Z
s4UE,3,S3,3,2021-02-01T11:59:26Z,2021-02-01T11:59:29Z
s4UE,4,S2,9,2021-02-01T11:59:29Z,2021-02-01T11:59:38Z
s4UE,4,S3,3,2021-02-01T11:59:38Z,2021-02-01T11:59:41Z
s4UE,5,S2,6,2021-02-01T11:59:41Z,2021-02-01T11:59:47Z
s4UE,5,S3,1,2021-02-01T11:59:47Z,2021-02-01T11:59:48Z
s4UE,6,S2,7,2021-02-01T11:59:48Z,2021-02-01T11:59:55Z
s4UE,6,S3,3,2021-02-01T11:59:55Z,2021-02-01T11:59:58Z
s4UE,7,S2,14,2021-02-01T11:59:58Z,2021-02-01T12:00:12Z
s4UE,7,S3,3,2021-02-01T12:00:12Z,2021-02-01T12:00:15Z
s4UE,8,S2,6,2021-02-01T12:00:15Z,2021-02-01T12:00:21Z
s4UE,8,S3,1,2021-02-01T12:00:21Z,2021-02-01T12:00:22Z
s4UE,9,S2,5,2021-02-01T12:00:22Z,2021-02-01T12:00:27Z
s4UE,9,S3,1,2021-02-01T12:00:27Z,2021-02-01T12:00:28Z
s4UE,10,S2,4,2021-02-01T12:00:28Z,2021-02-01T12:00:32Z
s4UE,10,S3,2,2021-02-01T12:00:32Z,2021-02-01T12:00:34Z
s4UE,10,S4,184,2021-02-01T12:00:34Z,2021-02-01T12:03:38Z
T2GK,1,S1,738,2021-02-03T15:11:41Z,2021-02-03T15:23:59Z
T2GK,1,S2,60,2021-02-03T15:23:59Z,2021-02-03T15:24:59Z
T2GK,1,S3,13,2021-02-03T15:24:59Z,2021-02-03T15:25:12Z
T2GK,2,S2,55,2021-02-03T15:25:12Z,2021-02-03T15:26:07Z
T2GK,2,S3,10,2021-02-03T15:26:07Z,2021-02-03T15:26:17Z
T2GK,3,S2,45,2021-02-03T15:26:17Z,2021-02-03T15:27:02Z
T2GK,3,S3,13,2021-02-03T15:27:02Z,2021-02-03T15:27:15Z
T2GK,4,S2,202,2021-02-03T15:27:15Z,2021-02-03T15:30:37Z
T2GK,4,S3,4,2021-02-03T15:30:37Z,2021-02-03T15:30:41Z
T2GK,5,S2,8,2021-02-03T15:30:41Z,2021-02-03T15:30:49Z
T2GK,5,S3,2,2021-02-03T15:30:49Z,2021-02-03T15:30:51Z
T2GK,6,S2,10,2021-02-03T15:30:51Z,2021-02-03T15:31:01Z
T2GK,6,S3,2,2021-02-03T15:31:01Z,2021-02-03T15:31:03Z
T2GK,7,S2,10,2021-02-03T15:31:03Z,2021-02-03T15:31:13Z
T2GK,7,S3,2,2021-02-03T15:31:13Z,2021-02-03T15:31:15Z
T2GK,8,S2,9,2021-02-03T15:31:15Z,2021-02-03T15:31:24Z
T2GK,8,S3,1,2021-02-03T15:31:24Z,2021-02-03T15:31:25Z
T2GK,9,S2,9,2021-02-03T15:31:25Z,2021-02-03T15:31:34Z
T2GK,9,S3,3,2021-02-03T15:31:34Z,2021-02-03T15:31:37Z
T2GK,10,S2,8,2021-02-03T15:31:37Z,2021-02-03T15:31:45Z
T2GK,10,S3,3,2021-02-03T15:31:45Z,2021-02-03T15:31:48Z
T2GK,10,S4,39,2021-02-03T15:31:48Z,2021-02-03T15:32:27Z
ucQQ,1,S1,259,2021-02-02T13:41:39Z,2021-02-02T13:45:58Z
ucQQ,1,S2,51,2021-02-02T13:45:58Z,2021-02-02T13:46:49Z
ucQQ,1,S3,21,2021-02-02T13:46:49Z,2021-02-02T13:47:10Z
ucQQ,2,S2,35,2021-02-02T13:47:10Z,2021-02-02T13:47:45Z
ucQQ,2,S3,6,2021-02-02T13:47:45Z,2021-02-02T13:47:51Z
ucQQ,3,S2,40,2021-02-02T13:47:51Z,2021-02-02T13:48:31Z
ucQQ,3,S3,4,2021-02-02T13:48:31Z,2021-02-02T13:48:35Z
ucQQ,4,S2,13,2021-02-02T13:48:35Z,2021-02-02T13:48:48Z
ucQQ,4,S3,2,2021-02-02T13:48:48Z,2021-02-02T13:48:50Z
ucQQ,5,S2,9,2021-02-02T13:48:50Z,2021-02-02T13:48:59Z
ucQQ,5,S3,4,2021-02-02T13:48:59Z,2021-02-02T13:49:03Z
ucQQ,6,S2,10,2021-02-02T13:49:03Z,2021-02-02T13:49:13Z
ucQQ,6,S3,3,2021-02-02T13:49:13Z,2021-02-02T13:49:16Z
ucQQ,7,S2,17,2021-02-02T13:49:16Z,2021-02-02T13:49:33Z
ucQQ,7,S3,3,2021-02-02T13:49:33Z,2021-02-02T13:49:36Z
ucQQ,8,S2,11,2021-02-02T13:49:36Z,2021-02-02T13:49:47Z
ucQQ,8,S3,3,2021-02-02T13:49:47Z,2021-02-02T13:49:50Z
ucQQ,9,S2,8,2021-02-02T13:49:50Z,2021-02-02T13:49:58Z
ucQQ,9,S3,3,2021-02-02T13:49:58Z,2021-02-02T13:50:01Z
ucQQ,10,S2,8,2021-02-02T13:50:01Z,2021-02-02T13:50:09Z
ucQQ,10,S3,4,2021-02-02T13:50:09Z,2021-02-02T13:50:13Z
ucQQ,10,S4,104,2021-02-02T13:50:13Z,2021-02-02T13:51:57Z
wL2u,1,S1,591,2021-02-01T17:23:56Z,2021-02-01T17:33:47Z
wL2u,1,S2,113,2021-02-01T17:33:47Z,2021-02-01T17:35:40Z
wL2u,1,S3,51,2021-02-01T17:35:40Z,2021-02-01T17:36:31Z
wL2u,2,S2,35,2021-02-01T17:36:31Z,2021-02-01T17:37:06Z
wL2u,2,S3,15,2021-02-01T17:37:06Z,2021-02-01T17:37:21Z
wL2u,3,S2,43,2021-02-01T17:37:21Z,2021-02-01T17:38:04Z
wL2u,3,S3,5,2021-02-01T17:38:04Z,2021-02-01T17:38:09Z
wL2u,4,S2,11,2021-02-01T17:38:09Z,2021-02-01T17:38:20Z
wL2u,4,S3,3,2021-02-01T17:38:20Z,2021-02-01T17:38:23Z
wL2u,5,S2,9,2021-02-01T17:38:23Z,2021-02-01T17:38:32Z
wL2u,5,S3,2,2021-02-01T17:38:32Z,2021-02-01T17:38:34Z
wL2u,6,S2,8,2021-02-01T17:38:34Z,2021-02-01T17:38:42Z
wL2u,6,S3,5,2021-02-01T17:38:42Z,2021-02-01T17:38:47Z
wL2u,7,S2,7,2021-02-01T17:38:47Z,2021-02-01T17:38:54Z
wL2u,7,S3,2,2021-02-01T17:38:54Z,2021-02-01T17:38:56Z
wL2u,8,S2,9,2021-02-01T17:38:56Z,2021-02-01T17:39:05Z
wL2u,8,S3,1,2021-02-01T17:39:05Z,2021-02-01T17:39:06Z
wL2u,9,S2,8,2021-02-01T17:39:06Z,2021-02-01T17:39:14Z
wL2u,9,S3,1,2021-02-01T17:39:14Z,2021-02-01T17:39:15Z
wL2u,10,S2,5,2021-02-01T17:39:15Z,2021-02-01T17:39:20Z
wL2u,10,S3,10,2021-02-01T17:39:20Z,2021-02-01T17:39:30Z
wL2u,10,S4,89,2021-02-01T17:39:30Z,2021-02-01T17:40:59Z
wLmJ,1,S1,311,2021-02-01T19:56:54Z,2021-02-01T20:02:05Z
wLmJ,1,S2,71,2021-02-01T20:02:05Z,2021-02-01T20:03:16Z
wLmJ,1,S3,57,2021-02-01T20:03:16Z,2021-02-01T20:04:13Z
wLmJ,2,S2,37,2021-02-01T20:04:13Z,2021-02-01T20:04:50Z
wLmJ,2,S3,72,2021-02-01T20:04:50Z,2021-02-01T20:06:02Z
wLmJ,3,S2,38,2021-02-01T20:06:02Z,2021-02-01T20:06:40Z
wLmJ,3,S3,15,2021-02-01T20:06:40Z,2021-02-01T20:06:55Z
wLmJ,4,S2,18,2021-02-01T20:06:55Z,2021-02-01T20:07:13Z
wLmJ,4,S3,5,2021-02-01T20:07:13Z,2021-02-01T20:07:18Z
wLmJ,5,S2,18,2021-02-01T20:07:18Z,2021-02-01T20:07:36Z
wLmJ,5,S3,3,2021-02-01T20:07:36Z,2021-02-01T20:07:39Z
wLmJ,6,S2,21,2021-02-01T20:07:39Z,2021-02-01T20:08:00Z
wLmJ,6,S3,8,2021-02-01T20:08:00Z,2021-02-01T20:08:08Z
wLmJ,7,S2,11,2021-02-01T20:08:08Z,2021-02-01T20:08:19Z
wLmJ,7,S3,2,2021-02-01T20:08:19Z,2021-02-01T20:08:21Z
wLmJ,8,S2,46,2021-02-01T20:08:21Z,2021-02-01T20:09:07Z
wLmJ,8,S3,2,2021-02-01T20:09:07Z,2021-02-01T20:09:09Z
wLmJ,9,S2,12,2021-02-01T20:09:09Z,2021-02-01T20:09:21Z
wLmJ,9,S3,2,2021-02-01T20:09:21Z,2021-02-01T20:09:23Z
wLmJ,10,S2,8,2021-02-01T20:09:23Z,2021-02-01T20:09:31Z
wLmJ,10,S3,2,2021-02-01T20:09:31Z,2021-02-01T20:09:33Z
wLmJ,10,S4,682,2021-02-01T20:09:33Z,2021-02-01T20:20:55Z
xf1W,1,S1,3,2021-02-01T14:05:00Z,2021-02-01T14:05:03Z
xf1W,1,S2,71,2021-02-01T14:05:03Z,2021-02-01T14:06:14Z
xf1W,1,S3,1,2021-02-01T14:06:14Z,2021-02-01T14:06:15Z
xf1W,2,S2,5,2021-02-01T14:06:15Z,2021-02-01T14:06:20Z
xf1W,2,S3,1,2021-02-01T14:06:20Z,2021-02-01T14:06:21Z
xf1W,3,S2,7,2021-02-01T14:06:21Z,2021-02-01T14:06:28Z
xf1W,3,S3,1,2021-02-01T14:06:28Z,2021-02-01T14:06:29Z
xf1W,4,S2,7,2021-02-01T14:06:29Z,2021-02-01T14:06:36Z
xf1W,4,S3,1,2021-02-01T14:06:36Z,2021-02-01T14:06:37Z
xf1W,5,S2,6,2021-02-01T14:06:37Z,2021-02-01T14:06:43Z
xf1W,5,S3,1,2021-02-01T14:06:43Z,2021-02-01T14:06:44Z
xf1W,6,S2,7,2021-02-01T14:06:44Z,2021-02-01T14:06:51Z
xf1W,6,S3,1,2021-02-01T14:06:51Z,2021-02-01T14:06:52Z
xf1W,7,S2,4,2021-02-01T14:06:52Z,2021-02-01T14:06:56Z
xf1W,7,S3,1,2021-02-01T14:06:56Z,2021-02-01T14:06:57Z
xf1W,8,S2,4,2021-02-01T14:06:57Z,2021-02-01T14:07:01Z
xf1W,8,S3,2,2021-02-01T14:07:01Z,2021-02-01T14:07:03Z
xf1W,9,S2,4,2021-02-01T14:07:03Z,2021-02-01T14:07:07Z
xf1W,9,S3,1,2021-02-01T14:07:07Z,2021-02-01T14:07:08Z
xf1W,10,S2,4,2021-02-01T14:07:08Z,2021-02-01T14:07:12Z
xf1W,10,S3,23,2021-02-01T14:07:12Z,2021-02-01T14:07:35Z
xf1W,10,S4,61,2021-02-01T14:07:35Z,2021-02-01T14:08:36Z
ycQa,1,S1,132,2021-02-01T14:47:04Z,2021-02-01T14:49:16Z
ycQa,1,S2,45,2021-02-01T14:49:16Z,2021-02-01T14:50:01Z
ycQa,1,S3,17,2021-02-01T14:50:01Z,2021-02-01T14:50:18Z
ycQa,2,S2,40,2021-02-01T14:50:18Z,2021-02-01T14:50:58Z
ycQa,2,S3,16,2021-02-01T14:50:58Z,2021-02-01T14:51:14Z
ycQa,3,S2,13,2021-02-01T14:51:14Z,2021-02-01T14:51:27Z
ycQa,3,S3,6,2021-02-01T14:51:27Z,2021-02-01T14:51:33Z
ycQa,4,S2,21,2021-02-01T14:51:33Z,2021-02-01T14:51:54Z
ycQa,4,S3,11,2021-02-01T14:51:54Z,2021-02-01T14:52:05Z
ycQa,5,S2,15,2021-02-01T14:52:05Z,2021-02-01T14:52:20Z
ycQa,5,S3,4,2021-02-01T14:52:20Z,2021-02-01T14:52:24Z
ycQa,6,S2,14,2021-02-01T14:52:24Z,2021-02-01T14:52:38Z
ycQa,6,S3,3,2021-02-01T14:52:38Z,2021-02-01T14:52:41Z
ycQa,7,S2,21,2021-02-01T14:52:41Z,2021-02-01T14:53:02Z
ycQa,7,S3,2,2021-02-01T14:53:02Z,2021-02-01T14:53:04Z
ycQa,8,S2,30,2021-02-01T14:53:04Z,2021-02-01T14:53:34Z
ycQa,8,S3,3,2021-02-01T14:53:34Z,2021-02-01T14:53:37Z
ycQa,9,S2,10,2021-02-01T14:53:37Z,2021-02-01T14:53:47Z
ycQa,9,S3,5,2021-02-01T14:53:47Z,2021-02-01T14:53:52Z
ycQa,10,S2,13,2021-02-01T14:53:52Z,2021-02-01T14:54:05Z
ycQa,10,S3,3,2021-02-01T14:54:05Z,2021-02-01T14:54:08Z
ycQa,10,S4,63,2021-02-01T14:54:08Z,2021-02-01T14:55:11Z
ZI3K,1,S1,407,2021-02-01T10:07:11Z,2021-02-01T10:13:58Z
ZI3K,1,S2,67,2021-02-01T10:13:58Z,2021-02-01T10:15:05Z
ZI3K,1,S3,25,2021-02-01T10:15:05Z,2021-02-01T10:15:30Z
ZI3K,2,S2,33,2021-02-01T10:15:30Z,2021-02-01T10:16:03Z
ZI3K,2,S3,33,2021-02-01T10:16:03Z,2021-02-01T10:16:36Z
ZI3K,3,S2,63,2021-02-01T10:16:36Z,2021-02-01T10:17:39Z
ZI3K,3,S3,19,2021-02-01T10:17:39Z,2021-02-01T10:17:58Z
ZI3K,4,S2,64,2021-02-01T10:17:58Z,2021-02-01T10:19:02Z
ZI3K,4,S3,37,2021-02-01T10:19:02Z,2021-02-01T10:19:39Z
ZI3K,5,S2,16,2021-02-01T10:19:39Z,2021-02-01T10:19:55Z
ZI3K,5,S3,6,2021-02-01T10:19:55Z,2021-02-01T10:20:01Z
ZI3K,6,S2,41,2021-02-01T10:20:01Z,2021-02-01T10:20:42Z
ZI3K,6,S3,4,2021-02-01T10:20:42Z,2021-02-01T10:20:46Z
ZI3K,7,S2,33,2021-02-01T10:20:46Z,2021-02-01T10:21:19Z
ZI3K,7,S3,23,2021-02-01T10:21:19Z,2021-02-01T10:21:42Z
ZI3K,8,S2,63,2021-02-01T10:21:42Z,2021-02-01T10:22:45Z
ZI3K,8,S3,8,2021-02-01T10:22:45Z,2021-02-01T10:22:53Z
ZI3K,9,S2,13,2021-02-01T10:22:53Z,2021-02-01T10:23:06Z
ZI3K,9,S3,5,2021-02-01T10:23:06Z,2021-02-01T10:23:11Z
ZI3K,10,S2,58,2021-02-01T10:23:11Z,2021-02-01T10:24:09Z
ZI3K,10,S3,4,2021-02-01T10:24:09Z,2021-02-01T10:24:13Z
ZI3K,10,S4,172,2021-02-01T10:24:13Z,2021-02-01T10:27:05Z
